{
    "foodBindSectors": 5,
    "ignoreDurabilityValue": 15.0,
    "showLowValueFood": true,
    "sectorCount": 6,
    "iconSize": 90.0,
    "innerDeadZoneCoefficient": 0.25999999046325686,
    "outerDeadZoneCoefficient": 2.700000047683716,
    "iconDistanceFactor": 0.7099999785423279,
    "uiScalePercent": 0.3799999952316284,
    "ui6style": "A",
    "ui8style": "A",
    "showIconCount": true,
    "quickUseLastItemQ": true,
    "longPressQWaitDuration": 0.25,
    "isBulletTimeEnabled": true,
    "bulletTimeMultiplier": 0.20000000298023225,
    "configToken": "radial_menu_config_v3"
}